{"version":"4.0.14","results":[[":src/1/1.test.ts",{"duration":0.8886250000000047,"failed":false}],[":src/1/2.test.ts",{"duration":1.038334000000006,"failed":false}],[":day/1/a.test.ts",{"duration":0.874875000000003,"failed":false}],[":day/1/b.test.ts",{"duration":0.8714169999999939,"failed":false}]]}